hid,freq,hzone
12052000_12052000_100,100,
12052000_12052000_10006,100,
12052000_12052000_1002,100,
12052000_12052000_10033,100,
12052000_12052000_10047,100,
12052000_12052000_10048,100,
12052000_12052000_10073,100,
12052000_12052000_10080,100,
12052000_12052000_10095,100,
12052000_12052000_10132,100,
12052000_12052000_10153,100,
12052000_12052000_10170,100,
12052000_12052000_1019,100,
12052000_12052000_10197,100,
12052000_12052000_10218,100,
12052000_12052000_10229,100,
12052000_12052000_10241,100,
12052000_12052000_10288,100,
12052000_12052000_1030,100,
12052000_12052000_10305,100,
12052000_12052000_10314,100,
12052000_12052000_10344,100,
12052000_12052000_10349,100,
12052000_12052000_10350,100,
12052000_12052000_10410,100,
12052000_12052000_10430,100,
12052000_12052000_10432,100,
12052000_12052000_10477,100,
12052000_12052000_10531,100,
12052000_12052000_10542,100,
12052000_12052000_10543,100,
12052000_12052000_10546,100,
12052000_12052000_10572,100,
12052000_12052000_10593,100,
12052000_12052000_1060,100,
12052000_12052000_10603,100,
12052000_12052000_10606,100,
12052000_12052000_10631,100,
12052000_12052000_10646,100,
12052000_12052000_10649,100,
12052000_12052000_10659,100,
12052000_12052000_10679,100,
12052000_12052000_10684,100,
12052000_12052000_10699,100,
12052000_12052000_10719,100,
12052000_12052000_10725,100,
12052000_12052000_1079,100,
12052000_12052000_10813,100,
12052000_12052000_10821,100,
12052000_12052000_10826,100,
12052000_12052000_10827,100,
12052000_12052000_10834,100,
12052000_12052000_10869,100,
12052000_12052000_10898,100,
12052000_12052000_10905,100,
12052000_12052000_10936,100,
12052000_12052000_10957,100,
12052000_12052000_1099,100,
12052000_12052000_10994,100,
12052000_12052000_10998,100,
12052000_12052000_11003,100,
12052000_12052000_11027,100,
12052000_12052000_11041,100,
12052000_12052000_11042,100,
12052000_12052000_11081,100,
12052000_12052000_11090,100,
12052000_12052000_11117,100,
12052000_12052000_11118,100,
12052000_12052000_1112,100,
12052000_12052000_11144,100,
12052000_12052000_11148,100,
12052000_12052000_11167,100,
12052000_12052000_11192,100,
12052000_12052000_11206,100,
12052000_12052000_11209,100,
12052000_12052000_11214,100,
12052000_12052000_11221,100,
12052000_12052000_11230,100,
12052000_12052000_11299,100,
12052000_12052000_113,100,
12052000_12052000_11313,100,
12052000_12052000_11331,100,
12052000_12052000_11334,100,
12052000_12052000_11368,100,
12052000_12052000_11375,100,
12052000_12052000_11379,100,
12052000_12052000_11393,100,
12052000_12052000_11400,100,
12052000_12052000_11414,100,
12052000_12052000_11473,100,
12052000_12052000_11478,100,
12052000_12052000_11508,100,
12052000_12052000_11528,100,
12052000_12052000_11536,100,
12052000_12052000_11605,100,
12052000_12052000_11618,100,
12052000_12052000_11681,100,
12052000_12052000_11682,100,
12052000_12052000_11735,100,
12052000_12052000_11772,100,
12052000_12052000_11792,100,
12052000_12052000_11823,100,
12052000_12052000_11836,100,
12052000_12052000_11864,100,
12052000_12052000_11873,100,
12052000_12052000_11879,100,
12052000_12052000_11892,100,
12052000_12052000_11899,100,
12052000_12052000_11910,100,
12052000_12052000_11912,100,
12052000_12052000_11950,100,
12052000_12052000_11959,100,
12052000_12052000_1196,100,
12052000_12052000_11971,100,
12052000_12052000_11977,100,
12052000_12052000_12033,100,
12052000_12052000_12055,100,
12052000_12052000_12149,100,
12052000_12052000_12167,100,
12052000_12052000_12181,100,
12052000_12052000_12193,100,
12052000_12052000_12213,100,
12052000_12052000_12221,100,
12052000_12052000_12235,100,
12052000_12052000_12244,100,
12052000_12052000_1227,100,
12052000_12052000_12282,100,
12052000_12052000_123,100,
12052000_12052000_12335,100,
12052000_12052000_12339,100,
12052000_12052000_12384,100,
12052000_12052000_12390,100,
12052000_12052000_12410,100,
12052000_12052000_12412,100,
12052000_12052000_12533,100,
12052000_12052000_12552,100,
12052000_12052000_12566,100,
12052000_12052000_12575,100,
12052000_12052000_1258,100,
12052000_12052000_12580,100,
12052000_12052000_12587,100,
12052000_12052000_1261,100,
12052000_12052000_12622,100,
12052000_12052000_1265,100,
12052000_12052000_12655,100,
12052000_12052000_1268,100,
12052000_12052000_1269,100,
12052000_12052000_12750,100,
12052000_12052000_12756,100,
12052000_12052000_1277,100,
12052000_12052000_12792,100,
12052000_12052000_12800,100,
12052000_12052000_12811,100,
12052000_12052000_12840,100,
12052000_12052000_12853,100,
12052000_12052000_12897,100,
12052000_12052000_12898,100,
12052000_12052000_12977,100,
12052000_12052000_12980,100,
12052000_12052000_12991,100,
12052000_12052000_13022,100,
12052000_12052000_13041,100,
12052000_12052000_13068,100,
12052000_12052000_13084,100,
12052000_12052000_13088,100,
12052000_12052000_1309,100,
12052000_12052000_13101,100,
12052000_12052000_13152,100,
12052000_12052000_13168,100,
12052000_12052000_13179,100,
12052000_12052000_13215,100,
12052000_12052000_13235,100,
12052000_12052000_13278,100,
12052000_12052000_13280,100,
12052000_12052000_13285,100,
12052000_12052000_13299,100,
12052000_12052000_1330,100,
12052000_12052000_13314,100,
12052000_12052000_13316,100,
12052000_12052000_13374,100,
12052000_12052000_13376,100,
12052000_12052000_13398,100,
12052000_12052000_13436,100,
12052000_12052000_13444,100,
12052000_12052000_13463,100,
12052000_12052000_13471,100,
12052000_12052000_13478,100,
12052000_12052000_13492,100,
12052000_12052000_13498,100,
12052000_12052000_13523,100,
12052000_12052000_13554,100,
12052000_12052000_1356,100,
12052000_12052000_13576,100,
12052000_12052000_13582,100,
12052000_12052000_1360,100,
12052000_12052000_13604,100,
12052000_12052000_13666,100,
12052000_12052000_13681,100,
12052000_12052000_13682,100,
12052000_12052000_13699,100,
12052000_12052000_13754,100,
12052000_12052000_13756,100,
12052000_12052000_13766,100,
12052000_12052000_13786,100,
12052000_12052000_138,100,
12052000_12052000_13805,100,
12052000_12052000_13809,100,
12052000_12052000_13859,100,
12052000_12052000_13894,100,
12052000_12052000_13913,100,
12052000_12052000_13916,100,
12052000_12052000_13926,100,
12052000_12052000_13932,100,
12052000_12052000_13942,100,
12052000_12052000_13959,100,
12052000_12052000_13977,100,
12052000_12052000_1401,100,
12052000_12052000_14038,100,
12052000_12052000_14054,100,
12052000_12052000_14080,100,
12052000_12052000_14089,100,
12052000_12052000_14092,100,
12052000_12052000_14098,100,
12052000_12052000_14100,100,
12052000_12052000_1411,100,
12052000_12052000_14117,100,
12052000_12052000_14122,100,
12052000_12052000_14135,100,
12052000_12052000_14150,100,
12052000_12052000_1417,100,
12052000_12052000_14191,100,
12052000_12052000_14207,100,
12052000_12052000_14223,100,
12052000_12052000_14225,100,
12052000_12052000_14227,100,
12052000_12052000_14242,100,
12052000_12052000_1425,100,
12052000_12052000_14255,100,
12052000_12052000_14256,100,
12052000_12052000_14261,100,
12052000_12052000_14277,100,
12052000_12052000_14297,100,
12052000_12052000_14317,100,
12052000_12052000_1435,100,
12052000_12052000_14386,100,
12052000_12052000_14403,100,
12052000_12052000_14471,100,
12052000_12052000_14487,100,
12052000_12052000_14511,100,
12052000_12052000_14555,100,
12052000_12052000_14631,100,
12052000_12052000_1466,100,
12052000_12052000_14671,100,
12052000_12052000_14692,100,
12052000_12052000_14709,100,
12052000_12052000_14746,100,
12052000_12052000_14778,100,
12052000_12052000_14782,100,
12052000_12052000_14795,100,
12052000_12052000_14815,100,
12052000_12052000_14827,100,
12052000_12052000_14831,100,
12052000_12052000_14838,100,
12052000_12052000_14865,100,
12052000_12052000_14879,100,
12052000_12052000_14884,100,
12052000_12052000_14885,100,
12052000_12052000_14929,100,
12052000_12052000_14955,100,
12052000_12052000_14970,100,
12052000_12052000_14978,100,
12052000_12052000_14979,100,
12052000_12052000_14988,100,
12052000_12052000_14991,100,
12052000_12052000_14992,100,
12052000_12052000_14997,100,
12052000_12052000_15037,100,
12052000_12052000_15072,100,
12052000_12052000_1508,100,
12052000_12052000_15083,100,
12052000_12052000_15090,100,
12052000_12052000_15098,100,
12052000_12052000_1511,100,
12052000_12052000_15141,100,
12052000_12052000_15151,100,
12052000_12052000_15158,100,
12052000_12052000_15163,100,
12052000_12052000_15182,100,
12052000_12052000_1519,100,
12052000_12052000_15215,100,
12052000_12052000_15227,100,
12052000_12052000_15255,100,
12052000_12052000_15259,100,
12052000_12052000_15287,100,
12052000_12052000_15304,100,
12052000_12052000_1532,100,
12052000_12052000_15363,100,
12052000_12052000_15368,100,
12052000_12052000_15377,100,
12052000_12052000_15445,100,
12052000_12052000_15459,100,
12052000_12052000_15478,100,
12052000_12052000_15518,100,
12052000_12052000_15549,100,
12052000_12052000_15551,100,
12052000_12052000_15556,100,
12052000_12052000_15561,100,
12052000_12052000_15641,100,
12052000_12052000_15675,100,
12052000_12052000_15701,100,
12052000_12052000_15715,100,
12052000_12052000_15723,100,
12052000_12052000_15727,100,
12052000_12052000_15733,100,
12052000_12052000_15751,100,
12052000_12052000_15779,100,
12052000_12052000_15818,100,
12052000_12052000_15828,100,
12052000_12052000_15844,100,
12052000_12052000_15870,100,
12052000_12052000_15880,100,
12052000_12052000_15888,100,
12052000_12052000_15891,100,
12052000_12052000_15900,100,
12052000_12052000_15946,100,
12052000_12052000_15959,100,
12052000_12052000_15971,100,
12052000_12052000_16,100,
12052000_12052000_16018,100,
12052000_12052000_16020,100,
12052000_12052000_16036,100,
12052000_12052000_16038,100,
12052000_12052000_16084,100,
12052000_12052000_1610,100,
12052000_12052000_16107,100,
12052000_12052000_16115,100,
12052000_12052000_16130,100,
12052000_12052000_1616,100,
12052000_12052000_16167,100,
12052000_12052000_1617,100,
12052000_12052000_16185,100,
12052000_12052000_16206,100,
12052000_12052000_16233,100,
12052000_12052000_16238,100,
12052000_12052000_16279,100,
12052000_12052000_1628,100,
12052000_12052000_16353,100,
12052000_12052000_16357,100,
12052000_12052000_16359,100,
12052000_12052000_16376,100,
12052000_12052000_1638,100,
12052000_12052000_16391,100,
12052000_12052000_1643,100,
12052000_12052000_16430,100,
12052000_12052000_16431,100,
12052000_12052000_16445,100,
12052000_12052000_1646,100,
12052000_12052000_16468,100,
12052000_12052000_16483,100,
12052000_12052000_16490,100,
12052000_12052000_16499,100,
12052000_12052000_1650,100,
12052000_12052000_16505,100,
12052000_12052000_16511,100,
12052000_12052000_16512,100,
12052000_12052000_16544,100,
12052000_12052000_16583,100,
12052000_12052000_16593,100,
12052000_12052000_16595,100,
12052000_12052000_16599,100,
12052000_12052000_16650,100,
12052000_12052000_16667,100,
12052000_12052000_16685,100,
12052000_12052000_16735,100,
12052000_12052000_16740,100,
12052000_12052000_16744,100,
12052000_12052000_16766,100,
12052000_12052000_16777,100,
12052000_12052000_16805,100,
12052000_12052000_16817,100,
12052000_12052000_16819,100,
12052000_12052000_1683,100,
12052000_12052000_16833,100,
12052000_12052000_16865,100,
12052000_12052000_16888,100,
12052000_12052000_16921,100,
12052000_12052000_16925,100,
12052000_12052000_16930,100,
12052000_12052000_16939,100,
12052000_12052000_16948,100,
12052000_12052000_17008,100,
12052000_12052000_17017,100,
12052000_12052000_17024,100,
12052000_12052000_1706,100,
12052000_12052000_1707,100,
12052000_12052000_17083,100,
12052000_12052000_17096,100,
12052000_12052000_17111,100,
12052000_12052000_17118,100,
12052000_12052000_17127,100,
12052000_12052000_17145,100,
12052000_12052000_17148,100,
12052000_12052000_17155,100,
12052000_12052000_17213,100,
12052000_12052000_17283,100,
12052000_12052000_17291,100,
12052000_12052000_17319,100,
12052000_12052000_17341,100,
12052000_12052000_1735,100,
12052000_12052000_17368,100,
12052000_12052000_17371,100,
12052000_12052000_17388,100,
12052000_12052000_17424,100,
12052000_12052000_17431,100,
12052000_12052000_17435,100,
12052000_12052000_1744,100,
12052000_12052000_17441,100,
12052000_12052000_17455,100,
12052000_12052000_17456,100,
12052000_12052000_17490,100,
12052000_12052000_17503,100,
12052000_12052000_17508,100,
12052000_12052000_17526,100,
12052000_12052000_17529,100,
12052000_12052000_17537,100,
12052000_12052000_17539,100,
12052000_12052000_17540,100,
12052000_12052000_17547,100,
12052000_12052000_17556,100,
12052000_12052000_17569,100,
12052000_12052000_17585,100,
12052000_12052000_17596,100,
12052000_12052000_17601,100,
12052000_12052000_17602,100,
12052000_12052000_17609,100,
12052000_12052000_17628,100,
12052000_12052000_17631,100,
12052000_12052000_17634,100,
12052000_12052000_17661,100,
12052000_12052000_17663,100,
12052000_12052000_17720,100,
12052000_12052000_17747,100,
12052000_12052000_17752,100,
12052000_12052000_17754,100,
12052000_12052000_17771,100,
12052000_12052000_17792,100,
12052000_12052000_17810,100,
12052000_12052000_17816,100,
12052000_12052000_17821,100,
12052000_12052000_17840,100,
12052000_12052000_17850,100,
12052000_12052000_17869,100,
12052000_12052000_17884,100,
12052000_12052000_17887,100,
12052000_12052000_17899,100,
12052000_12052000_1790,100,
12052000_12052000_17926,100,
12052000_12052000_17945,100,
12052000_12052000_17965,100,
12052000_12052000_17966,100,
12052000_12052000_17972,100,
12052000_12052000_17979,100,
12052000_12052000_17986,100,
12052000_12052000_18010,100,
12052000_12052000_18036,100,
12052000_12052000_18045,100,
12052000_12052000_18053,100,
12052000_12052000_18073,100,
12052000_12052000_18084,100,
12052000_12052000_18088,100,
12052000_12052000_18090,100,
12052000_12052000_18126,100,
12052000_12052000_18128,100,
12052000_12052000_18132,100,
12052000_12052000_18134,100,
12052000_12052000_18153,100,
12052000_12052000_18159,100,
12052000_12052000_1817,100,
12052000_12052000_18173,100,
12052000_12052000_18182,100,
12052000_12052000_18195,100,
12052000_12052000_18204,100,
12052000_12052000_18208,100,
12052000_12052000_18212,100,
12052000_12052000_18217,100,
12052000_12052000_18220,100,
12052000_12052000_18230,100,
12052000_12052000_18236,100,
12052000_12052000_18245,100,
12052000_12052000_18258,100,
12052000_12052000_18286,100,
12052000_12052000_18288,100,
12052000_12052000_18289,100,
12052000_12052000_18301,100,
12052000_12052000_18326,100,
12052000_12052000_18334,100,
12052000_12052000_18368,100,
12052000_12052000_18376,100,
12052000_12052000_18411,100,
12052000_12052000_18423,100,
12052000_12052000_18427,100,
12052000_12052000_18449,100,
12052000_12052000_1845,100,
12052000_12052000_1846,100,
12052000_12052000_18465,100,
12052000_12052000_18478,100,
12052000_12052000_18497,100,
12052000_12052000_18498,100,
12052000_12052000_1850,100,
12052000_12052000_18518,100,
12052000_12052000_1852,100,
12052000_12052000_18535,100,
12052000_12052000_18541,100,
12052000_12052000_18561,100,
12052000_12052000_18570,100,
12052000_12052000_18577,100,
12052000_12052000_18580,100,
12052000_12052000_18589,100,
12052000_12052000_18591,100,
12052000_12052000_18613,100,
12052000_12052000_18644,100,
12052000_12052000_18648,100,
12052000_12052000_18678,100,
12052000_12052000_18681,100,
12052000_12052000_18682,100,
12052000_12052000_18689,100,
12052000_12052000_18705,100,
12052000_12052000_18747,100,
12052000_12052000_18772,100,
12052000_12052000_18780,100,
12052000_12052000_18786,100,
12052000_12052000_18793,100,
12052000_12052000_18796,100,
12052000_12052000_18798,100,
12052000_12052000_18806,100,
12052000_12052000_18811,100,
12052000_12052000_18812,100,
12052000_12052000_18841,100,
12052000_12052000_18877,100,
12052000_12052000_18896,100,
12052000_12052000_18903,100,
12052000_12052000_18911,100,
12052000_12052000_18912,100,
12052000_12052000_18916,100,
12052000_12052000_18918,100,
12052000_12052000_18927,100,
12052000_12052000_18928,100,
12052000_12052000_18941,100,
12052000_12052000_18945,100,
12052000_12052000_18957,100,
12052000_12052000_18982,100,
12052000_12052000_1899,100,
12052000_12052000_18992,100,
12052000_12052000_19007,100,
12052000_12052000_19013,100,
12052000_12052000_19014,100,
12052000_12052000_19030,100,
12052000_12052000_19036,100,
12052000_12052000_19051,100,
12052000_12052000_19074,100,
12052000_12052000_19096,100,
12052000_12052000_19108,100,
12052000_12052000_19137,100,
12052000_12052000_19140,100,
12052000_12052000_19144,100,
12052000_12052000_19145,100,
12052000_12052000_19151,100,
12052000_12052000_19174,100,
12052000_12052000_19183,100,
12052000_12052000_19191,100,
12052000_12052000_19212,100,
12052000_12052000_19221,100,
12052000_12052000_19224,100,
12052000_12052000_19228,100,
12052000_12052000_19235,100,
12052000_12052000_19251,100,
12052000_12052000_19253,100,
12052000_12052000_19276,100,
12052000_12052000_19280,100,
12052000_12052000_1930,100,
12052000_12052000_19313,100,
12052000_12052000_19317,100,
12052000_12052000_19318,100,
12052000_12052000_19320,100,
12052000_12052000_19325,100,
12052000_12052000_19328,100,
12052000_12052000_19366,100,
12052000_12052000_19382,100,
12052000_12052000_19393,100,
12052000_12052000_19406,100,
12052000_12052000_19437,100,
12052000_12052000_19440,100,
12052000_12052000_19460,100,
12052000_12052000_19474,100,
12052000_12052000_19475,100,
12052000_12052000_19477,100,
12052000_12052000_19502,100,
12052000_12052000_19511,100,
12052000_12052000_19520,100,
12052000_12052000_19551,100,
12052000_12052000_19554,100,
12052000_12052000_19569,100,
12052000_12052000_19577,100,
12052000_12052000_19587,100,
12052000_12052000_19589,100,
12052000_12052000_19598,100,
12052000_12052000_19609,100,
12052000_12052000_19633,100,
12052000_12052000_19635,100,
12052000_12052000_19639,100,
12052000_12052000_19640,100,
12052000_12052000_19647,100,
12052000_12052000_19652,100,
12052000_12052000_19655,100,
12052000_12052000_19675,100,
12052000_12052000_197,100,
12052000_12052000_19722,100,
12052000_12052000_19727,100,
12052000_12052000_19736,100,
12052000_12052000_1974,100,
12052000_12052000_19742,100,
12052000_12052000_19759,100,
12052000_12052000_19768,100,
12052000_12052000_19781,100,
12052000_12052000_19794,100,
12052000_12052000_19795,100,
12052000_12052000_1980,100,
12052000_12052000_19801,100,
12052000_12052000_19802,100,
12052000_12052000_19808,100,
12052000_12052000_19826,100,
12052000_12052000_19833,100,
12052000_12052000_19836,100,
12052000_12052000_19840,100,
12052000_12052000_19843,100,
12052000_12052000_19845,100,
12052000_12052000_19848,100,
12052000_12052000_19863,100,
12052000_12052000_19867,100,
12052000_12052000_19908,100,
12052000_12052000_19915,100,
12052000_12052000_1997,100,
12052000_12052000_20001,100,
12052000_12052000_20014,100,
12052000_12052000_20019,100,
12052000_12052000_20037,100,
12052000_12052000_2005,100,
12052000_12052000_20050,100,
12052000_12052000_20063,100,
12052000_12052000_20066,100,
12052000_12052000_20067,100,
12052000_12052000_20068,100,
12052000_12052000_2007,100,
12052000_12052000_20072,100,
12052000_12052000_20089,100,
12052000_12052000_20094,100,
12052000_12052000_20110,100,
12052000_12052000_20132,100,
12052000_12052000_20146,100,
12052000_12052000_20149,100,
12052000_12052000_20160,100,
12052000_12052000_20189,100,
12052000_12052000_20190,100,
12052000_12052000_20196,100,
12052000_12052000_20220,100,
12052000_12052000_20233,100,
12052000_12052000_20236,100,
12052000_12052000_20244,100,
12052000_12052000_20248,100,
12052000_12052000_20295,100,
12052000_12052000_20302,100,
12052000_12052000_20314,100,
12052000_12052000_20322,100,
12052000_12052000_20330,100,
12052000_12052000_20335,100,
12052000_12052000_20338,100,
12052000_12052000_20342,100,
12052000_12052000_2035,100,
12052000_12052000_20356,100,
12052000_12052000_20369,100,
12052000_12052000_20390,100,
12052000_12052000_20434,100,
12052000_12052000_2046,100,
12052000_12052000_20468,100,
12052000_12052000_20495,100,
12052000_12052000_20501,100,
12052000_12052000_20512,100,
12052000_12052000_20514,100,
12052000_12052000_20515,100,
12052000_12052000_20528,100,
12052000_12052000_20541,100,
12052000_12052000_20559,100,
12052000_12052000_20569,100,
12052000_12052000_20572,100,
12052000_12052000_20595,100,
12052000_12052000_20597,100,
12052000_12052000_20629,100,
12052000_12052000_20640,100,
12052000_12052000_20647,100,
12052000_12052000_20654,100,
12052000_12052000_2066,100,
12052000_12052000_20666,100,
12052000_12052000_20670,100,
12052000_12052000_20707,100,
12052000_12052000_20712,100,
12052000_12052000_20738,100,
12052000_12052000_20749,100,
12052000_12052000_20757,100,
12052000_12052000_20759,100,
12052000_12052000_20788,100,
12052000_12052000_20802,100,
12052000_12052000_20818,100,
12052000_12052000_20822,100,
12052000_12052000_20837,100,
12052000_12052000_2084,100,
12052000_12052000_20845,100,
12052000_12052000_20848,100,
12052000_12052000_20850,100,
12052000_12052000_20863,100,
12052000_12052000_20865,100,
12052000_12052000_20867,100,
12052000_12052000_20871,100,
12052000_12052000_20877,100,
12052000_12052000_20901,100,
12052000_12052000_20933,100,
12052000_12052000_20948,100,
12052000_12052000_20962,100,
12052000_12052000_20963,100,
12052000_12052000_20965,100,
12052000_12052000_20971,100,
12052000_12052000_20973,100,
12052000_12052000_20981,100,
12052000_12052000_20985,100,
12052000_12052000_21001,100,
12052000_12052000_21003,100,
12052000_12052000_21008,100,
12052000_12052000_21014,100,
12052000_12052000_21023,100,
12052000_12052000_21026,100,
12052000_12052000_21029,100,
12052000_12052000_21050,100,
12052000_12052000_21056,100,
12052000_12052000_21077,100,
12052000_12052000_21093,100,
12052000_12052000_21111,100,
12052000_12052000_21115,100,
12052000_12052000_21132,100,
12052000_12052000_21145,100,
12052000_12052000_21154,100,
12052000_12052000_21167,100,
12052000_12052000_21170,100,
12052000_12052000_21176,100,
12052000_12052000_21189,100,
12052000_12052000_21231,100,
12052000_12052000_21240,100,
12052000_12052000_21249,100,
12052000_12052000_2125,100,
12052000_12052000_21293,100,
12052000_12052000_21297,100,
12052000_12052000_21298,100,
12052000_12052000_2130,100,
12052000_12052000_21306,100,
12052000_12052000_21310,100,
12052000_12052000_21317,100,
12052000_12052000_21323,100,
12052000_12052000_21327,100,
12052000_12052000_21347,100,
12052000_12052000_21349,100,
12052000_12052000_21371,100,
12052000_12052000_21379,100,
12052000_12052000_21381,100,
12052000_12052000_21395,100,
12052000_12052000_21409,100,
12052000_12052000_21413,100,
12052000_12052000_21461,100,
12052000_12052000_21469,100,
12052000_12052000_21490,100,
12052000_12052000_21502,100,
12052000_12052000_21507,100,
12052000_12052000_2151,100,
12052000_12052000_21510,100,
12052000_12052000_21525,100,
12052000_12052000_21529,100,
12052000_12052000_21572,100,
12052000_12052000_21573,100,
12052000_12052000_21581,100,
12052000_12052000_21613,100,
12052000_12052000_21614,100,
12052000_12052000_2162,100,
12052000_12052000_21628,100,
12052000_12052000_21639,100,
12052000_12052000_21646,100,
12052000_12052000_21657,100,
12052000_12052000_21670,100,
12052000_12052000_21696,100,
12052000_12052000_21747,100,
12052000_12052000_21774,100,
12052000_12052000_21794,100,
12052000_12052000_21795,100,
12052000_12052000_21803,100,
12052000_12052000_21825,100,
12052000_12052000_21826,100,
12052000_12052000_21831,100,
12052000_12052000_21843,100,
12052000_12052000_21844,100,
12052000_12052000_21856,100,
12052000_12052000_21862,100,
12052000_12052000_21876,100,
12052000_12052000_21889,100,
12052000_12052000_21894,100,
12052000_12052000_2190,100,
12052000_12052000_21909,100,
12052000_12052000_21913,100,
12052000_12052000_21926,100,
12052000_12052000_21936,100,
12052000_12052000_21937,100,
12052000_12052000_21942,100,
12052000_12052000_21954,100,
12052000_12052000_21964,100,
12052000_12052000_21974,100,
12052000_12052000_2198,100,
12052000_12052000_21989,100,
12052000_12052000_22025,100,
12052000_12052000_22055,100,
12052000_12052000_22068,100,
12052000_12052000_22074,100,
12052000_12052000_221,100,
12052000_12052000_22106,100,
12052000_12052000_22126,100,
12052000_12052000_22130,100,
12052000_12052000_22147,100,
12052000_12052000_22161,100,
12052000_12052000_22169,100,
12052000_12052000_22176,100,
12052000_12052000_22184,100,
12052000_12052000_22192,100,
12052000_12052000_22243,100,
12052000_12052000_2225,100,
12052000_12052000_22255,100,
12052000_12052000_22264,100,
12052000_12052000_22272,100,
12052000_12052000_22289,100,
12052000_12052000_22293,100,
12052000_12052000_22298,100,
12052000_12052000_22307,100,
12052000_12052000_22334,100,
12052000_12052000_22370,100,
12052000_12052000_22377,100,
12052000_12052000_22428,100,
12052000_12052000_22430,100,
12052000_12052000_22447,100,
12052000_12052000_22467,100,
12052000_12052000_22482,100,
12052000_12052000_22491,100,
12052000_12052000_22495,100,
12052000_12052000_22498,100,
12052000_12052000_225,100,
12052000_12052000_22514,100,
12052000_12052000_22541,100,
12052000_12052000_22542,100,
12052000_12052000_22545,100,
12052000_12052000_22550,100,
12052000_12052000_22560,100,
12052000_12052000_22564,100,
12052000_12052000_22578,100,
12052000_12052000_22594,100,
12052000_12052000_22604,100,
12052000_12052000_22609,100,
12052000_12052000_22614,100,
12052000_12052000_22630,100,
12052000_12052000_22633,100,
12052000_12052000_22641,100,
12052000_12052000_22643,100,
12052000_12052000_22676,100,
12052000_12052000_22686,100,
12052000_12052000_22689,100,
12052000_12052000_22690,100,
12052000_12052000_22691,100,
12052000_12052000_22694,100,
12052000_12052000_22702,100,
12052000_12052000_22717,100,
12052000_12052000_22724,100,
12052000_12052000_22729,100,
12052000_12052000_22741,100,
12052000_12052000_22749,100,
12052000_12052000_22791,100,
12052000_12052000_22800,100,
12052000_12052000_22802,100,
12052000_12052000_22818,100,
12052000_12052000_22835,100,
12052000_12052000_22843,100,
12052000_12052000_22847,100,
12052000_12052000_22850,100,
12052000_12052000_22864,100,
12052000_12052000_22893,100,
12052000_12052000_22899,100,
12052000_12052000_22909,100,
12052000_12052000_22947,100,
12052000_12052000_22963,100,
12052000_12052000_23010,100,
12052000_12052000_23011,100,
12052000_12052000_23017,100,
12052000_12052000_23022,100,
12052000_12052000_2303,100,
12052000_12052000_23041,100,
12052000_12052000_23082,100,
12052000_12052000_23107,100,
12052000_12052000_23119,100,
12052000_12052000_23122,100,
12052000_12052000_23123,100,
12052000_12052000_2313,100,
12052000_12052000_23135,100,
12052000_12052000_23146,100,
12052000_12052000_2316,100,
12052000_12052000_23169,100,
12052000_12052000_23184,100,
12052000_12052000_23188,100,
12052000_12052000_23196,100,
12052000_12052000_23208,100,
12052000_12052000_23210,100,
12052000_12052000_23232,100,
12052000_12052000_2326,100,
12052000_12052000_23264,100,
12052000_12052000_23275,100,
12052000_12052000_23284,100,
12052000_12052000_23291,100,
12052000_12052000_23293,100,
12052000_12052000_23297,100,
12052000_12052000_23302,100,
12052000_12052000_23308,100,
12052000_12052000_23311,100,
12052000_12052000_23348,100,
12052000_12052000_23368,100,
12052000_12052000_23369,100,
12052000_12052000_23382,100,
12052000_12052000_23387,100,
12052000_12052000_23388,100,
12052000_12052000_23389,100,
12052000_12052000_23391,100,
12052000_12052000_23394,100,
12052000_12052000_23410,100,
12052000_12052000_23411,100,
12052000_12052000_23417,100,
12052000_12052000_23426,100,
12052000_12052000_2344,100,
12052000_12052000_2345,100,
12052000_12052000_23462,100,
12052000_12052000_23470,100,
12052000_12052000_23472,100,
12052000_12052000_23480,100,
12052000_12052000_23506,100,
12052000_12052000_2351,100,
12052000_12052000_23528,100,
12052000_12052000_23534,100,
12052000_12052000_23536,100,
12052000_12052000_23538,100,
12052000_12052000_23539,100,
12052000_12052000_2354,100,
12052000_12052000_23544,100,
12052000_12052000_23558,100,
12052000_12052000_23566,100,
12052000_12052000_23575,100,
12052000_12052000_23578,100,
12052000_12052000_23582,100,
12052000_12052000_23592,100,
12052000_12052000_23605,100,
12052000_12052000_2361,100,
12052000_12052000_23616,100,
12052000_12052000_23620,100,
12052000_12052000_23625,100,
12052000_12052000_23658,100,
12052000_12052000_23701,100,
12052000_12052000_23730,100,
12052000_12052000_23742,100,
12052000_12052000_23749,100,
12052000_12052000_23785,100,
12052000_12052000_23791,100,
12052000_12052000_23803,100,
12052000_12052000_23804,100,
12052000_12052000_23830,100,
12052000_12052000_23843,100,
12052000_12052000_23844,100,
12052000_12052000_2386,100,
12052000_12052000_23870,100,
12052000_12052000_23877,100,
12052000_12052000_23888,100,
12052000_12052000_23890,100,
12052000_12052000_23892,100,
12052000_12052000_23938,100,
12052000_12052000_23943,100,
12052000_12052000_23946,100,
12052000_12052000_23960,100,
12052000_12052000_2398,100,
12052000_12052000_23988,100,
12052000_12052000_23992,100,
12052000_12052000_23998,100,
12052000_12052000_24,100,
12052000_12052000_24010,100,
12052000_12052000_24017,100,
12052000_12052000_24035,100,
12052000_12052000_24052,100,
12052000_12052000_24059,100,
12052000_12052000_2407,100,
12052000_12052000_24071,100,
12052000_12052000_24106,100,
12052000_12052000_24125,100,
12052000_12052000_24143,100,
12052000_12052000_24149,100,
12052000_12052000_24153,100,
12052000_12052000_24166,100,
12052000_12052000_24185,100,
12052000_12052000_24236,100,
12052000_12052000_2424,100,
12052000_12052000_24249,100,
12052000_12052000_24255,100,
12052000_12052000_24267,100,
12052000_12052000_24295,100,
12052000_12052000_243,100,
12052000_12052000_24312,100,
12052000_12052000_2432,100,
12052000_12052000_24333,100,
12052000_12052000_24342,100,
12052000_12052000_24345,100,
12052000_12052000_2435,100,
12052000_12052000_24355,100,
12052000_12052000_24363,100,
12052000_12052000_24365,100,
12052000_12052000_24374,100,
12052000_12052000_24384,100,
12052000_12052000_24390,100,
12052000_12052000_24415,100,
12052000_12052000_24428,100,
12052000_12052000_24441,100,
12052000_12052000_24445,100,
12052000_12052000_24446,100,
12052000_12052000_24469,100,
12052000_12052000_24479,100,
12052000_12052000_24513,100,
12052000_12052000_2453,100,
12052000_12052000_24546,100,
12052000_12052000_2456,100,
12052000_12052000_24592,100,
12052000_12052000_24597,100,
12052000_12052000_24616,100,
12052000_12052000_24634,100,
12052000_12052000_24638,100,
12052000_12052000_24674,100,
12052000_12052000_24693,100,
12052000_12052000_24696,100,
12052000_12052000_2472,100,
12052000_12052000_24724,100,
12052000_12052000_24739,100,
12052000_12052000_24740,100,
12052000_12052000_24743,100,
12052000_12052000_24753,100,
12052000_12052000_24759,100,
12052000_12052000_24766,100,
12052000_12052000_24769,100,
12052000_12052000_24780,100,
12052000_12052000_24798,100,
12052000_12052000_24802,100,
12052000_12052000_24816,100,
12052000_12052000_2482,100,
12052000_12052000_24851,100,
12052000_12052000_24855,100,
12052000_12052000_2486,100,
12052000_12052000_24878,100,
12052000_12052000_24888,100,
12052000_12052000_24891,100,
12052000_12052000_24907,100,
12052000_12052000_24913,100,
12052000_12052000_24936,100,
12052000_12052000_24953,100,
12052000_12052000_24960,100,
12052000_12052000_24961,100,
12052000_12052000_25008,100,
12052000_12052000_25020,100,
12052000_12052000_25055,100,
12052000_12052000_25065,100,
12052000_12052000_25088,100,
12052000_12052000_2509,100,
12052000_12052000_25103,100,
12052000_12052000_25107,100,
12052000_12052000_25126,100,
12052000_12052000_25130,100,
12052000_12052000_25132,100,
12052000_12052000_25133,100,
12052000_12052000_25136,100,
12052000_12052000_25142,100,
12052000_12052000_25143,100,
12052000_12052000_25175,100,
12052000_12052000_25184,100,
12052000_12052000_25187,100,
12052000_12052000_25189,100,
12052000_12052000_25206,100,
12052000_12052000_25210,100,
12052000_12052000_25232,100,
12052000_12052000_25236,100,
12052000_12052000_25241,100,
12052000_12052000_25262,100,
12052000_12052000_25266,100,
12052000_12052000_25269,100,
12052000_12052000_25270,100,
12052000_12052000_25282,100,
12052000_12052000_25297,100,
12052000_12052000_25301,100,
12052000_12052000_25317,100,
12052000_12052000_25323,100,
12052000_12052000_25326,100,
12052000_12052000_25340,100,
12052000_12052000_25351,100,
12052000_12052000_25393,100,
12052000_12052000_25396,100,
12052000_12052000_25419,100,
12052000_12052000_25422,100,
12052000_12052000_25425,100,
12052000_12052000_25439,100,
12052000_12052000_25446,100,
12052000_12052000_25449,100,
12052000_12052000_25461,100,
12052000_12052000_25463,100,
12052000_12052000_25484,100,
12052000_12052000_25534,100,
12052000_12052000_25542,100,
12052000_12052000_25562,100,
12052000_12052000_25566,100,
12052000_12052000_25579,100,
12052000_12052000_25588,100,
12052000_12052000_25603,100,
12052000_12052000_25636,100,
12052000_12052000_25637,100,
12052000_12052000_25655,100,
12052000_12052000_25658,100,
12052000_12052000_25662,100,
12052000_12052000_25667,100,
12052000_12052000_25675,100,
12052000_12052000_2568,100,
12052000_12052000_25701,100,
12052000_12052000_25702,100,
12052000_12052000_25708,100,
12052000_12052000_2571,100,
12052000_12052000_25711,100,
12052000_12052000_25722,100,
12052000_12052000_25726,100,
12052000_12052000_25733,100,
12052000_12052000_25739,100,
12052000_12052000_25743,100,
12052000_12052000_25744,100,
12052000_12052000_25749,100,
12052000_12052000_25755,100,
12052000_12052000_25763,100,
12052000_12052000_25782,100,
12052000_12052000_25848,100,
12052000_12052000_25854,100,
12052000_12052000_25871,100,
12052000_12052000_25872,100,
12052000_12052000_25897,100,
12052000_12052000_25912,100,
12052000_12052000_25916,100,
12052000_12052000_25930,100,
12052000_12052000_25933,100,
12052000_12052000_25955,100,
12052000_12052000_25961,100,
12052000_12052000_25964,100,
12052000_12052000_25967,100,
12052000_12052000_25979,100,
12052000_12052000_25994,100,
12052000_12052000_25997,100,
12052000_12052000_26012,100,
12052000_12052000_26018,100,
12052000_12052000_26029,100,
12052000_12052000_26031,100,
12052000_12052000_26048,100,
12052000_12052000_26051,100,
12052000_12052000_26063,100,
12052000_12052000_26073,100,
12052000_12052000_26081,100,
12052000_12052000_26083,100,
12052000_12052000_26085,100,
12052000_12052000_26096,100,
12052000_12052000_26118,100,
12052000_12052000_2612,100,
12052000_12052000_26136,100,
12052000_12052000_26149,100,
12052000_12052000_26150,100,
12052000_12052000_26162,100,
12052000_12052000_26216,100,
12052000_12052000_26217,100,
12052000_12052000_26219,100,
12052000_12052000_26221,100,
12052000_12052000_26223,100,
12052000_12052000_26227,100,
12052000_12052000_26234,100,
12052000_12052000_26240,100,
12052000_12052000_26243,100,
12052000_12052000_26255,100,
12052000_12052000_26271,100,
12052000_12052000_26277,100,
12052000_12052000_26289,100,
12052000_12052000_26298,100,
12052000_12052000_26303,100,
12052000_12052000_26306,100,
12052000_12052000_2631,100,
12052000_12052000_26325,100,
12052000_12052000_26327,100,
12052000_12052000_26328,100,
12052000_12052000_26331,100,
12052000_12052000_26350,100,
12052000_12052000_26374,100,
12052000_12052000_26396,100,
12052000_12052000_26423,100,
12052000_12052000_26427,100,
12052000_12052000_26432,100,
12052000_12052000_26435,100,
12052000_12052000_26455,100,
12052000_12052000_26459,100,
12052000_12052000_26463,100,
12052000_12052000_26469,100,
12052000_12052000_26470,100,
12052000_12052000_26471,100,
12052000_12052000_26485,100,
12052000_12052000_26507,100,
12052000_12052000_26509,100,
12052000_12052000_26511,100,
12052000_12052000_26518,100,
12052000_12052000_26535,100,
12052000_12052000_26550,100,
12052000_12052000_2657,100,
12052000_12052000_26582,100,
12052000_12052000_26588,100,
12052000_12052000_2659,100,
12052000_12052000_26613,100,
12052000_12052000_26628,100,
12052000_12052000_2664,100,
12052000_12052000_26643,100,
12052000_12052000_26656,100,
12052000_12052000_26657,100,
12052000_12052000_26688,100,
12052000_12052000_26711,100,
12052000_12052000_26722,100,
12052000_12052000_26739,100,
12052000_12052000_26747,100,
12052000_12052000_26804,100,
12052000_12052000_26811,100,
12052000_12052000_26816,100,
12052000_12052000_26817,100,
12052000_12052000_26832,100,
12052000_12052000_26898,100,
12052000_12052000_2690,100,
12052000_12052000_26905,100,
12052000_12052000_2691,100,
12052000_12052000_26911,100,
12052000_12052000_26914,100,
12052000_12052000_26916,100,
12052000_12052000_26921,100,
12052000_12052000_26924,100,
12052000_12052000_26931,100,
12052000_12052000_26933,100,
12052000_12052000_26943,100,
12052000_12052000_26954,100,
12052000_12052000_26962,100,
12052000_12052000_26983,100,
12052000_12052000_26984,100,
12052000_12052000_26998,100,
12052000_12052000_27005,100,
12052000_12052000_27036,100,
12052000_12052000_27038,100,
12052000_12052000_27046,100,
12052000_12052000_27066,100,
12052000_12052000_27071,100,
12052000_12052000_27073,100,
12052000_12052000_27082,100,
12052000_12052000_27085,100,
12052000_12052000_27095,100,
12052000_12052000_27116,100,
12052000_12052000_27117,100,
12052000_12052000_27132,100,
12052000_12052000_27137,100,
12052000_12052000_27140,100,
12052000_12052000_27148,100,
12052000_12052000_27159,100,
12052000_12052000_27166,100,
12052000_12052000_27187,100,
12052000_12052000_27224,100,
12052000_12052000_27229,100,
12052000_12052000_27255,100,
12052000_12052000_27259,100,
12052000_12052000_2728,100,
12052000_12052000_27285,100,
12052000_12052000_27289,100,
12052000_12052000_27303,100,
12052000_12052000_27310,100,
12052000_12052000_27318,100,
12052000_12052000_27324,100,
12052000_12052000_27335,100,
12052000_12052000_27340,100,
12052000_12052000_27361,100,
12052000_12052000_27381,100,
12052000_12052000_27388,100,
12052000_12052000_27403,100,
12052000_12052000_27426,100,
12052000_12052000_27442,100,
12052000_12052000_27524,100,
12052000_12052000_27528,100,
12052000_12052000_27560,100,
12052000_12052000_27567,100,
12052000_12052000_27582,100,
12052000_12052000_27583,100,
12052000_12052000_27613,100,
12052000_12052000_27623,100,
12052000_12052000_27637,100,
12052000_12052000_27669,100,
12052000_12052000_27670,100,
12052000_12052000_27676,100,
12052000_12052000_27697,100,
12052000_12052000_2770,100,
12052000_12052000_27709,100,
12052000_12052000_27716,100,
12052000_12052000_27740,100,
12052000_12052000_27794,100,
12052000_12052000_27801,100,
12052000_12052000_27809,100,
12052000_12052000_27810,100,
12052000_12052000_27834,100,
12052000_12052000_27842,100,
12052000_12052000_27845,100,
12052000_12052000_27877,100,
12052000_12052000_2788,100,
12052000_12052000_27888,100,
12052000_12052000_27901,100,
12052000_12052000_27903,100,
12052000_12052000_27916,100,
12052000_12052000_27918,100,
12052000_12052000_27921,100,
12052000_12052000_27922,100,
12052000_12052000_27931,100,
12052000_12052000_27936,100,
12052000_12052000_27964,100,
12052000_12052000_27967,100,
12052000_12052000_27986,100,
12052000_12052000_27993,100,
12052000_12052000_28005,100,
12052000_12052000_28014,100,
12052000_12052000_28017,100,
12052000_12052000_28022,100,
12052000_12052000_28024,100,
12052000_12052000_28043,100,
12052000_12052000_28045,100,
12052000_12052000_28051,100,
12052000_12052000_28062,100,
12052000_12052000_28116,100,
12052000_12052000_28125,100,
12052000_12052000_28131,100,
12052000_12052000_2815,100,
12052000_12052000_28161,100,
12052000_12052000_28186,100,
12052000_12052000_28210,100,
12052000_12052000_28237,100,
12052000_12052000_28249,100,
12052000_12052000_28271,100,
12052000_12052000_28297,100,
12052000_12052000_28307,100,
12052000_12052000_2831,100,
12052000_12052000_28310,100,
12052000_12052000_28326,100,
12052000_12052000_28342,100,
12052000_12052000_28365,100,
12052000_12052000_28367,100,
12052000_12052000_28370,100,
12052000_12052000_28378,100,
12052000_12052000_28396,100,
12052000_12052000_28400,100,
12052000_12052000_28405,100,
12052000_12052000_28408,100,
12052000_12052000_28417,100,
12052000_12052000_2842,100,
12052000_12052000_28422,100,
12052000_12052000_28449,100,
12052000_12052000_28458,100,
12052000_12052000_28468,100,
12052000_12052000_28502,100,
12052000_12052000_28518,100,
12052000_12052000_2852,100,
12052000_12052000_2853,100,
12052000_12052000_28535,100,
12052000_12052000_28536,100,
12052000_12052000_28554,100,
12052000_12052000_28573,100,
12052000_12052000_28574,100,
12052000_12052000_28576,100,
12052000_12052000_28582,100,
12052000_12052000_28602,100,
12052000_12052000_2862,100,
12052000_12052000_28649,100,
12052000_12052000_28650,100,
12052000_12052000_28653,100,
12052000_12052000_2866,100,
12052000_12052000_28660,100,
12052000_12052000_28663,100,
12052000_12052000_28679,100,
12052000_12052000_28705,100,
12052000_12052000_28728,100,
12052000_12052000_28745,100,
12052000_12052000_28780,100,
12052000_12052000_28797,100,
12052000_12052000_28803,100,
12052000_12052000_28804,100,
12052000_12052000_28811,100,
12052000_12052000_28812,100,
12052000_12052000_28837,100,
12052000_12052000_28851,100,
12052000_12052000_28862,100,
12052000_12052000_28866,100,
12052000_12052000_28882,100,
12052000_12052000_28887,100,
12052000_12052000_28914,100,
12052000_12052000_28917,100,
12052000_12052000_28925,100,
12052000_12052000_2893,100,
12052000_12052000_28933,100,
12052000_12052000_28941,100,
12052000_12052000_28964,100,
12052000_12052000_28971,100,
12052000_12052000_28973,100,
12052000_12052000_28977,100,
12052000_12052000_28984,100,
12052000_12052000_2899,100,
12052000_12052000_28993,100,
12052000_12052000_28996,100,
12052000_12052000_29004,100,
12052000_12052000_29030,100,
12052000_12052000_29047,100,
12052000_12052000_29048,100,
12052000_12052000_29060,100,
12052000_12052000_29071,100,
12052000_12052000_29080,100,
12052000_12052000_29081,100,
12052000_12052000_29112,100,
12052000_12052000_29117,100,
12052000_12052000_29128,100,
12052000_12052000_29135,100,
12052000_12052000_29141,100,
12052000_12052000_29157,100,
12052000_12052000_29164,100,
12052000_12052000_29184,100,
12052000_12052000_29192,100,
12052000_12052000_29203,100,
12052000_12052000_29240,100,
12052000_12052000_29258,100,
12052000_12052000_29271,100,
12052000_12052000_29279,100,
12052000_12052000_29292,100,
12052000_12052000_29310,100,
12052000_12052000_29327,100,
12052000_12052000_29343,100,
12052000_12052000_29346,100,
12052000_12052000_29348,100,
12052000_12052000_29382,100,
12052000_12052000_29386,100,
12052000_12052000_29400,100,
12052000_12052000_29401,100,
12052000_12052000_29402,100,
12052000_12052000_29403,100,
12052000_12052000_29408,100,
12052000_12052000_29409,100,
12052000_12052000_29416,100,
12052000_12052000_29419,100,
12052000_12052000_29427,100,
12052000_12052000_29428,100,
12052000_12052000_29429,100,
12052000_12052000_29430,100,
12052000_12052000_29448,100,
12052000_12052000_29466,100,
12052000_12052000_29498,100,
12052000_12052000_29517,100,
12052000_12052000_29534,100,
12052000_12052000_29537,100,
12052000_12052000_29563,100,
12052000_12052000_29577,100,
12052000_12052000_29581,100,
12052000_12052000_29596,100,
12052000_12052000_2960,100,
12052000_12052000_29608,100,
12052000_12052000_29631,100,
12052000_12052000_29633,100,
12052000_12052000_29638,100,
12052000_12052000_29650,100,
12052000_12052000_29664,100,
12052000_12052000_29671,100,
12052000_12052000_29684,100,
12052000_12052000_29700,100,
12052000_12052000_29740,100,
12052000_12052000_29747,100,
12052000_12052000_29749,100,
12052000_12052000_29760,100,
12052000_12052000_2980,100,
12052000_12052000_29813,100,
12052000_12052000_29816,100,
12052000_12052000_29851,100,
12052000_12052000_29852,100,
12052000_12052000_29906,100,
12052000_12052000_29910,100,
12052000_12052000_29916,100,
12052000_12052000_29920,100,
12052000_12052000_29942,100,
12052000_12052000_29944,100,
12052000_12052000_29946,100,
12052000_12052000_29973,100,
12052000_12052000_29977,100,
12052000_12052000_29983,100,
12052000_12052000_29989,100,
12052000_12052000_29991,100,
12052000_12052000_29994,100,
12052000_12052000_29997,100,
12052000_12052000_3,100,
12052000_12052000_3000,100,
12052000_12052000_30005,100,
12052000_12052000_30020,100,
12052000_12052000_30024,100,
12052000_12052000_30026,100,
12052000_12052000_30033,100,
12052000_12052000_30062,100,
12052000_12052000_30069,100,
12052000_12052000_30096,100,
12052000_12052000_30100,100,
12052000_12052000_30103,100,
12052000_12052000_30111,100,
12052000_12052000_30126,100,
12052000_12052000_30139,100,
12052000_12052000_30140,100,
12052000_12052000_30146,100,
12052000_12052000_30151,100,
12052000_12052000_30177,100,
12052000_12052000_30178,100,
12052000_12052000_30187,100,
12052000_12052000_30193,100,
12052000_12052000_30218,100,
12052000_12052000_30227,100,
12052000_12052000_30233,100,
12052000_12052000_30235,100,
12052000_12052000_30243,100,
12052000_12052000_30267,100,
12052000_12052000_30271,100,
12052000_12052000_30276,100,
12052000_12052000_30301,100,
12052000_12052000_30309,100,
12052000_12052000_30332,100,
12052000_12052000_30349,100,
12052000_12052000_30376,100,
12052000_12052000_30377,100,
12052000_12052000_30383,100,
12052000_12052000_30465,100,
12052000_12052000_30472,100,
12052000_12052000_30497,100,
12052000_12052000_30501,100,
12052000_12052000_30509,100,
12052000_12052000_30519,100,
12052000_12052000_3052,100,
12052000_12052000_30545,100,
12052000_12052000_30584,100,
12052000_12052000_30627,100,
12052000_12052000_30631,100,
12052000_12052000_30633,100,
12052000_12052000_30648,100,
12052000_12052000_3066,100,
12052000_12052000_30667,100,
12052000_12052000_30671,100,
12052000_12052000_30679,100,
12052000_12052000_30710,100,
12052000_12052000_30711,100,
12052000_12052000_30737,100,
12052000_12052000_30740,100,
12052000_12052000_30749,100,
12052000_12052000_30753,100,
12052000_12052000_30756,100,
12052000_12052000_30758,100,
12052000_12052000_30768,100,
12052000_12052000_30773,100,
12052000_12052000_30787,100,
12052000_12052000_30821,100,
12052000_12052000_30826,100,
12052000_12052000_3083,100,
12052000_12052000_30837,100,
12052000_12052000_30863,100,
12052000_12052000_30891,100,
12052000_12052000_30896,100,
12052000_12052000_30899,100,
12052000_12052000_30906,100,
12052000_12052000_30931,100,
12052000_12052000_3096,100,
12052000_12052000_30961,100,
12052000_12052000_30962,100,
12052000_12052000_30969,100,
12052000_12052000_30992,100,
12052000_12052000_30998,100,
12052000_12052000_31022,100,
12052000_12052000_31039,100,
12052000_12052000_3104,100,
12052000_12052000_31050,100,
12052000_12052000_31052,100,
12052000_12052000_31069,100,
12052000_12052000_31070,100,
12052000_12052000_31075,100,
12052000_12052000_31077,100,
12052000_12052000_31079,100,
12052000_12052000_31087,100,
12052000_12052000_31120,100,
12052000_12052000_31124,100,
12052000_12052000_31125,100,
12052000_12052000_31127,100,
12052000_12052000_3114,100,
12052000_12052000_31153,100,
12052000_12052000_31155,100,
12052000_12052000_31178,100,
12052000_12052000_31179,100,
12052000_12052000_31182,100,
12052000_12052000_31186,100,
12052000_12052000_31267,100,
12052000_12052000_31270,100,
12052000_12052000_31280,100,
12052000_12052000_31333,100,
12052000_12052000_31338,100,
12052000_12052000_31345,100,
12052000_12052000_31363,100,
12052000_12052000_31377,100,
12052000_12052000_31380,100,
12052000_12052000_31389,100,
12052000_12052000_31405,100,
12052000_12052000_31418,100,
12052000_12052000_31425,100,
12052000_12052000_31433,100,
12052000_12052000_31439,100,
12052000_12052000_31460,100,
12052000_12052000_31471,100,
12052000_12052000_31486,100,
12052000_12052000_31497,100,
12052000_12052000_31505,100,
12052000_12052000_31506,100,
12052000_12052000_3151,100,
12052000_12052000_31514,100,
12052000_12052000_31515,100,
12052000_12052000_31524,100,
12052000_12052000_31526,100,
12052000_12052000_31540,100,
12052000_12052000_31544,100,
12052000_12052000_31554,100,
12052000_12052000_31555,100,
12052000_12052000_31582,100,
12052000_12052000_31607,100,
12052000_12052000_31623,100,
12052000_12052000_31628,100,
12052000_12052000_31629,100,
12052000_12052000_31630,100,
12052000_12052000_31638,100,
12052000_12052000_3164,100,
12052000_12052000_31645,100,
12052000_12052000_31650,100,
12052000_12052000_31652,100,
12052000_12052000_31660,100,
12052000_12052000_31662,100,
12052000_12052000_3169,100,
12052000_12052000_31708,100,
12052000_12052000_31739,100,
12052000_12052000_31755,100,
12052000_12052000_31758,100,
12052000_12052000_31760,100,
12052000_12052000_31761,100,
12052000_12052000_31766,100,
12052000_12052000_31776,100,
12052000_12052000_31777,100,
12052000_12052000_31779,100,
12052000_12052000_3199,100,
12052000_12052000_3209,100,
12052000_12052000_3215,100,
12052000_12052000_3267,100,
12052000_12052000_3273,100,
12052000_12052000_3282,100,
12052000_12052000_3284,100,
12052000_12052000_3289,100,
12052000_12052000_3298,100,
12052000_12052000_3320,100,
12052000_12052000_3364,100,
12052000_12052000_3389,100,
12052000_12052000_3418,100,
12052000_12052000_3443,100,
12052000_12052000_3456,100,
12052000_12052000_346,100,
12052000_12052000_3460,100,
12052000_12052000_3461,100,
12052000_12052000_3471,100,
12052000_12052000_3495,100,
12052000_12052000_3504,100,
12052000_12052000_3522,100,
12052000_12052000_353,100,
12052000_12052000_3544,100,
12052000_12052000_3551,100,
12052000_12052000_3552,100,
12052000_12052000_3563,100,
12052000_12052000_3574,100,
12052000_12052000_3610,100,
12052000_12052000_3612,100,
12052000_12052000_3618,100,
12052000_12052000_3620,100,
12052000_12052000_3664,100,
12052000_12052000_3672,100,
12052000_12052000_3746,100,
12052000_12052000_375,100,
12052000_12052000_377,100,
12052000_12052000_3776,100,
12052000_12052000_3784,100,
12052000_12052000_3833,100,
12052000_12052000_3863,100,
12052000_12052000_3911,100,
12052000_12052000_3912,100,
12052000_12052000_3955,100,
12052000_12052000_3968,100,
12052000_12052000_3993,100,
12052000_12052000_4009,100,
12052000_12052000_4029,100,
12052000_12052000_4056,100,
12052000_12052000_4061,100,
12052000_12052000_4062,100,
12052000_12052000_4074,100,
12052000_12052000_4089,100,
12052000_12052000_4094,100,
12052000_12052000_4100,100,
12052000_12052000_4144,100,
12052000_12052000_4156,100,
12052000_12052000_4165,100,
12052000_12052000_4191,100,
12052000_12052000_4195,100,
12052000_12052000_4198,100,
12052000_12052000_4202,100,
12052000_12052000_4227,100,
12052000_12052000_4241,100,
12052000_12052000_4334,100,
12052000_12052000_4349,100,
12052000_12052000_4399,100,
12052000_12052000_4459,100,
12052000_12052000_4471,100,
12052000_12052000_4473,100,
12052000_12052000_4485,100,
12052000_12052000_4491,100,
12052000_12052000_4500,100,
12052000_12052000_4502,100,
12052000_12052000_4540,100,
12052000_12052000_4546,100,
12052000_12052000_4567,100,
12052000_12052000_4597,100,
12052000_12052000_4612,100,
12052000_12052000_4641,100,
12052000_12052000_4647,100,
12052000_12052000_4648,100,
12052000_12052000_4670,100,
12052000_12052000_4676,100,
12052000_12052000_4751,100,
12052000_12052000_4752,100,
12052000_12052000_4774,100,
12052000_12052000_4797,100,
12052000_12052000_4803,100,
12052000_12052000_4805,100,
12052000_12052000_4818,100,
12052000_12052000_4832,100,
12052000_12052000_4862,100,
12052000_12052000_4871,100,
12052000_12052000_4880,100,
12052000_12052000_4887,100,
12052000_12052000_4890,100,
12052000_12052000_4903,100,
12052000_12052000_4986,100,
12052000_12052000_5003,100,
12052000_12052000_5039,100,
12052000_12052000_5042,100,
12052000_12052000_5103,100,
12052000_12052000_5107,100,
12052000_12052000_5113,100,
12052000_12052000_5131,100,
12052000_12052000_5174,100,
12052000_12052000_5180,100,
12052000_12052000_5185,100,
12052000_12052000_5192,100,
12052000_12052000_5201,100,
12052000_12052000_5202,100,
12052000_12052000_5209,100,
12052000_12052000_5226,100,
12052000_12052000_5251,100,
12052000_12052000_5284,100,
12052000_12052000_5295,100,
12052000_12052000_5333,100,
12052000_12052000_5340,100,
12052000_12052000_5344,100,
12052000_12052000_5351,100,
12052000_12052000_5383,100,
12052000_12052000_5407,100,
12052000_12052000_5422,100,
12052000_12052000_5427,100,
12052000_12052000_5430,100,
12052000_12052000_5433,100,
12052000_12052000_5450,100,
12052000_12052000_546,100,
12052000_12052000_5507,100,
12052000_12052000_5515,100,
12052000_12052000_5557,100,
12052000_12052000_5561,100,
12052000_12052000_5569,100,
12052000_12052000_5595,100,
12052000_12052000_5597,100,
12052000_12052000_56,100,
12052000_12052000_5651,100,
12052000_12052000_5662,100,
12052000_12052000_5669,100,
12052000_12052000_5674,100,
12052000_12052000_5684,100,
12052000_12052000_5706,100,
12052000_12052000_5735,100,
12052000_12052000_5753,100,
12052000_12052000_5755,100,
12052000_12052000_577,100,
12052000_12052000_5804,100,
12052000_12052000_584,100,
12052000_12052000_5842,100,
12052000_12052000_5862,100,
12052000_12052000_5873,100,
12052000_12052000_5879,100,
12052000_12052000_5881,100,
12052000_12052000_5900,100,
12052000_12052000_5922,100,
12052000_12052000_5956,100,
12052000_12052000_5962,100,
12052000_12052000_5969,100,
12052000_12052000_5982,100,
12052000_12052000_5985,100,
12052000_12052000_6002,100,
12052000_12052000_6004,100,
12052000_12052000_6015,100,
12052000_12052000_6051,100,
12052000_12052000_6055,100,
12052000_12052000_606,100,
12052000_12052000_6080,100,
12052000_12052000_6090,100,
12052000_12052000_6114,100,
12052000_12052000_6115,100,
12052000_12052000_6116,100,
12052000_12052000_6163,100,
12052000_12052000_6168,100,
12052000_12052000_618,100,
12052000_12052000_6182,100,
12052000_12052000_6193,100,
12052000_12052000_6202,100,
12052000_12052000_622,100,
12052000_12052000_625,100,
12052000_12052000_6264,100,
12052000_12052000_6304,100,
12052000_12052000_6338,100,
12052000_12052000_6344,100,
12052000_12052000_6391,100,
12052000_12052000_6394,100,
12052000_12052000_641,100,
12052000_12052000_6418,100,
12052000_12052000_642,100,
12052000_12052000_6425,100,
12052000_12052000_6447,100,
12052000_12052000_6466,100,
12052000_12052000_6502,100,
12052000_12052000_6515,100,
12052000_12052000_6518,100,
12052000_12052000_6573,100,
12052000_12052000_666,100,
12052000_12052000_672,100,
12052000_12052000_6726,100,
12052000_12052000_6738,100,
12052000_12052000_6772,100,
12052000_12052000_6787,100,
12052000_12052000_6821,100,
12052000_12052000_684,100,
12052000_12052000_6904,100,
12052000_12052000_6906,100,
12052000_12052000_6908,100,
12052000_12052000_6918,100,
12052000_12052000_6945,100,
12052000_12052000_6962,100,
12052000_12052000_6969,100,
12052000_12052000_6971,100,
12052000_12052000_6972,100,
12052000_12052000_7008,100,
12052000_12052000_7022,100,
12052000_12052000_7035,100,
12052000_12052000_7042,100,
12052000_12052000_7058,100,
12052000_12052000_7096,100,
12052000_12052000_7109,100,
12052000_12052000_7132,100,
12052000_12052000_7154,100,
12052000_12052000_7158,100,
12052000_12052000_7186,100,
12052000_12052000_7196,100,
12052000_12052000_7197,100,
12052000_12052000_7210,100,
12052000_12052000_7218,100,
12052000_12052000_7231,100,
12052000_12052000_7232,100,
12052000_12052000_7241,100,
12052000_12052000_7258,100,
12052000_12052000_7269,100,
12052000_12052000_7298,100,
12052000_12052000_7301,100,
12052000_12052000_733,100,
12052000_12052000_7334,100,
12052000_12052000_7354,100,
12052000_12052000_7368,100,
12052000_12052000_737,100,
12052000_12052000_7374,100,
12052000_12052000_7381,100,
12052000_12052000_7384,100,
12052000_12052000_7392,100,
12052000_12052000_7424,100,
12052000_12052000_7428,100,
12052000_12052000_7430,100,
12052000_12052000_7435,100,
12052000_12052000_7441,100,
12052000_12052000_7449,100,
12052000_12052000_7466,100,
12052000_12052000_7480,100,
12052000_12052000_7496,100,
12052000_12052000_7509,100,
12052000_12052000_7515,100,
12052000_12052000_7533,100,
12052000_12052000_754,100,
12052000_12052000_7664,100,
12052000_12052000_7713,100,
12052000_12052000_7719,100,
12052000_12052000_7727,100,
12052000_12052000_774,100,
12052000_12052000_7742,100,
12052000_12052000_7755,100,
12052000_12052000_7757,100,
12052000_12052000_7769,100,
12052000_12052000_7772,100,
12052000_12052000_7797,100,
12052000_12052000_7808,100,
12052000_12052000_7821,100,
12052000_12052000_7825,100,
12052000_12052000_7830,100,
12052000_12052000_7834,100,
12052000_12052000_7837,100,
12052000_12052000_7849,100,
12052000_12052000_7851,100,
12052000_12052000_7859,100,
12052000_12052000_7868,100,
12052000_12052000_7903,100,
12052000_12052000_7915,100,
12052000_12052000_794,100,
12052000_12052000_7962,100,
12052000_12052000_7993,100,
12052000_12052000_8005,100,
12052000_12052000_8034,100,
12052000_12052000_8056,100,
12052000_12052000_8096,100,
12052000_12052000_8126,100,
12052000_12052000_8129,100,
12052000_12052000_8146,100,
12052000_12052000_8172,100,
12052000_12052000_8188,100,
12052000_12052000_8194,100,
12052000_12052000_8223,100,
12052000_12052000_8268,100,
12052000_12052000_8286,100,
12052000_12052000_84,100,
12052000_12052000_8412,100,
12052000_12052000_8425,100,
12052000_12052000_8450,100,
12052000_12052000_846,100,
12052000_12052000_8473,100,
12052000_12052000_8481,100,
12052000_12052000_8505,100,
12052000_12052000_8506,100,
12052000_12052000_852,100,
12052000_12052000_8543,100,
12052000_12052000_8544,100,
12052000_12052000_8557,100,
12052000_12052000_8670,100,
12052000_12052000_8690,100,
12052000_12052000_8750,100,
12052000_12052000_8778,100,
12052000_12052000_881,100,
12052000_12052000_885,100,
12052000_12052000_8872,100,
12052000_12052000_8891,100,
12052000_12052000_8904,100,
12052000_12052000_8911,100,
12052000_12052000_893,100,
12052000_12052000_8930,100,
12052000_12052000_8962,100,
12052000_12052000_8996,100,
12052000_12052000_8999,100,
12052000_12052000_9010,100,
12052000_12052000_9014,100,
12052000_12052000_9105,100,
12052000_12052000_9118,100,
12052000_12052000_9129,100,
12052000_12052000_9136,100,
12052000_12052000_9152,100,
12052000_12052000_9171,100,
12052000_12052000_9179,100,
12052000_12052000_9187,100,
12052000_12052000_9202,100,
12052000_12052000_9205,100,
12052000_12052000_922,100,
12052000_12052000_9238,100,
12052000_12052000_9250,100,
12052000_12052000_9285,100,
12052000_12052000_9296,100,
12052000_12052000_9297,100,
12052000_12052000_931,100,
12052000_12052000_9319,100,
12052000_12052000_9347,100,
12052000_12052000_9349,100,
12052000_12052000_9350,100,
12052000_12052000_9387,100,
12052000_12052000_9393,100,
12052000_12052000_9419,100,
12052000_12052000_943,100,
12052000_12052000_9449,100,
12052000_12052000_9477,100,
12052000_12052000_949,100,
12052000_12052000_9490,100,
12052000_12052000_9499,100,
12052000_12052000_9515,100,
12052000_12052000_9542,100,
12052000_12052000_9545,100,
12052000_12052000_9599,100,
12052000_12052000_9606,100,
12052000_12052000_9616,100,
12052000_12052000_9624,100,
12052000_12052000_9639,100,
12052000_12052000_9674,100,
12052000_12052000_9698,100,
12052000_12052000_9709,100,
12052000_12052000_9738,100,
12052000_12052000_9739,100,
12052000_12052000_9780,100,
12052000_12052000_9783,100,
12052000_12052000_9791,100,
12052000_12052000_9833,100,
12052000_12052000_9838,100,
12052000_12052000_9860,100,
12052000_12052000_9893,100,
12052000_12052000_9909,100,
12052000_12052000_9921,100,
12052000_12052000_9946,100,
12052000_12052000_9951,100,
12052000_12052000_9962,100,
12052000_12052000_9964,100,
12052000_12052000_9967,100,
12052000_12052000_9990,100,
12052000_12071000_32577,100,
12052000_12071000_32589,100,
12052000_12071000_33148,100,
12052000_12071000_33946,100,
12052000_12071000_33973,100,
12052000_12071000_34900,100,
12052000_12071000_34903,100,
12052000_12071000_35117,100,
12052000_12071000_35408,100,
12052000_12071000_35834,100,
12052000_12071000_36032,100,
12052000_12071000_36255,100,
12052000_12071000_36312,100,
12052000_12071000_37038,100,
12052000_12071000_37421,100,
12052000_12071000_37561,100,
12071000_12052000_39404,100,
12071000_12052000_39608,100,
12071000_12052000_39613,100,
12071000_12052000_39941,100,
12071000_12052000_39948,100,
12071000_12052000_40397,100,
12071000_12052000_41773,100,
12071000_12052000_42250,100,
12071000_12052000_42452,100,
12071000_12052000_42862,100,
12071000_12052000_43145,100,
12071000_12052000_43270,100,
12071000_12052000_43386,100,
12071000_12052000_43446,100,
12071000_12052000_43513,100,
12071000_12052000_43764,100,
12071000_12052000_43819,100,
12071000_12052000_45143,100,
12071000_12052000_45497,100,
12071000_12052000_45759,100,
12071000_12052000_46026,100,
12071000_12052000_46124,100,
12071000_12052000_46284,100,
12071000_12052000_46797,100,
12071000_12052000_46800,100,
12071000_12052000_47600,100,
12071000_12052000_48786,100,
12071000_12052000_49194,100,
12071000_12052000_49641,100,
12071000_12052000_49704,100,
12071000_12052000_49943,100,
12071000_12052000_51003,100,
12071000_12052000_51348,100,
12071000_12052000_51361,100,
12071000_12052000_51367,100,
12071000_12052000_51399,100,
12071000_12052000_51569,100,
12071000_12052000_51637,100,
12071000_12052000_51703,100,
12071000_12052000_52128,100,
12071000_12052000_52376,100,
12071000_12052000_52402,100,
12071000_12052000_52855,100,
12071000_12052000_53025,100,
12071000_12052000_53476,100,
12071000_12052000_54534,100,
12071000_12052000_54909,100,
12071000_12052000_55072,100,
12071000_12052000_56067,100,
12071000_12052000_56095,100,
12071000_12052000_57009,100,
12071000_12052000_57508,100,
